-- Please make sure the tables are existing before run this file
-- After first run this project, the table will be auto-generated.
-- then run this file to initialize the data.

use hjpetstore;

INSERT INTO RSAKey VALUES (1, 0, true,
'MIGfMA0GCSqGSIb3DQEBAQUAA4GNADCBiQKBgQCdj6JVk5YvHj81t25xE6Q2W9KiMejqz1540+prpYT6a1oSbK+j3O4Y/ICYyS6x5U7YK1ta1H9hIeZM2D75fP3577ShaMin0Qiip53X5zj3uawUvPNn+XWZQTXQD7iiU7hINMMn2qZCP8Fs5Qw0YFebKLiOzoesmqqcI5vjdHz3vQIDAQAB',

'MIICdwIBADANBgkqhkiG9w0BAQEFAASCAmEwggJdAgEAAoGBAJ2PolWTli8ePzW3bnETpDZb0qIx6OrPXnjT6mulhPprWhJsr6Pc7hj8gJjJLrHlTtgrW1rUf2Eh5kzYPvl8/fnvtKFoyKfRCKKnndfnOPe5rBS882f5dZlBNdAPuKJTuEg0wyfapkI/wWzlDDRgV5souI7Oh6yaqpwjm+N0fPe9AgMBAAECgYAFuDARYTEjdrqerZDxw9/DJWQpBRzKYUqxoiexTqncGUeEwbNChIOUHp5gbXUnegZ5rGE9k9cn5H4irfrjPZlOiVV9fjUufbvSK+MpkS6WRZdIWxEqlMkHCnCrTinv+zedtJ8oioHWI9B1jdqYl96lj24TUu58Q4Re9lWAogxLdQJBAP/QpT6QZcXWSRjIqVSdIwKx5OjbJlCzy6Wjx7BFCsuEjoJTiSC0QqkKM5OhWzk1pWLT/FDzobKu6rO227zPpKsCQQCdrMz1GKdP7LzN2vGhHoat/HPMnRU44vcYGrj5193/sMZC9/EwtETtD4fWnsZhAARmRLFfk3vJdjUS3wH0e8U3AkEAtHTjzJGiKYAzSldrE/RRWTpSp2zIx489rlgtqovZxJ16xjbVeguPJp26qn7d0iqkw2WVDSoAPAMmL6ZjtfqoRwJAFnOoq63bBTJ8oANxLLQgEV5FTvl/MB6BeNk1Rb5LSkFtudN8cKb6uZbgjNsG/ID4H2fgqe9iTQmb/RfsO1f0eQJBAOO9g1ssiXOrKJ2EAP8I035XZLgyCd6YKNT7sCOCrRVNQyuND8Rru52zySDUZq/1yhJ+dWhFuH2TtacbocIkMbY=',
sysdate(), NULL);

commit;

INSERT INTO PaymentPartner VALUES (1, 0, '招商银行', 'ACTIVE',
'MIGfMA0GCSqGSIb3DQEBAQUAA4GNADCBiQKBgQCGew6gRkbyM971Aj0SbogZBZN50hoi0lhqOLB0wXW4Jhc/2CHwPAMLRsdb+Yzu5EkEVhV1Sxp3xtTAVCiXNkfXCKpSvi6Uipa4lkwg2lCzmlxWZOIX2uZnmDwh6g7U3uvzk4ZN4SyuwGEIl4BI0KOssknEL/ZCcMehuPMCjTui/QIDAQAB',
'95555', sysdate(), NULL);
INSERT INTO PaymentPartner VALUES (2, 0, '工商银行', 'INACTIVE',
'MIGfMA0GCSqGSIb3DQEBAQUAA4GNADCBiQKBgQC75XSKRnGnHoJEu5wlfUYVzUIAaBYCW34D084wYUKn/IUlSnb7ft80jPt5eKsiu1ruscP4wRQaqBX/hZ82iNtbbQ4Cv5D4AUIQXlDAvG7oscewEo9+I0kGeBbb/fR5wqn64uatPOqC9QvxYl2PMMiDFhNeeW28FKV5mhr7rWOnQwIDAQAB',
'95588', sysdate(), NULL);

commit;

INSERT INTO Category VALUES (1, 0, 'FISH','<img src="../images/fish_icon.gif"><font size="5" color="blue"> Fish</font>', sysdate(), NULL);
INSERT INTO Category VALUES (2, 0, 'DOGS','<img src="../images/dogs_icon.gif"><font size="5" color="blue"> Dogs</font>', sysdate(), NULL);
INSERT INTO Category VALUES (3, 0, 'REPTILES','<img src="../images/reptiles_icon.gif"><font size="5" color="blue"> Reptiles</font>', sysdate(), NULL);
INSERT INTO Category VALUES (4, 0, 'CATS','<img src="../images/cats_icon.gif"><font size="5" color="blue"> Cats</font>', sysdate(), NULL);
INSERT INTO Category VALUES (5, 0, 'BIRDS','<img src="../images/birds_icon.gif"><font size="5" color="blue"> Birds</font>', sysdate(), NULL);
commit;

INSERT INTO Banner VALUES (1, 0, '<img src="../images/banner_fish.gif">', 1, sysdate(), null);
INSERT INTO Banner VALUES (2, 0, '<img src="../images/banner_dogs.gif">', 2, sysdate(), null);
INSERT INTO Banner VALUES (3, 0, '<img src="../images/banner_reptiles.gif">', 3, sysdate(), null);
INSERT INTO Banner VALUES (4, 0, '<img src="../images/banner_cats.gif">', 4, sysdate(), null);
INSERT INTO Banner VALUES (5, 0, '<img src="../images/banner_birds.gif">', 5, sysdate(), null);
commit;

INSERT INTO Role VALUES (1, 0, 'admin', 'The admin of the application', sysdate(), NULL);
INSERT INTO Role VALUES (2, 0, 'user', 'The common user of the application', sysdate(), NULL);
INSERT INTO Role VALUES (3, 0, 'operator', 'The internal operator of the application', sysdate(), NULL);
INSERT INTO Role VALUES (4, 0, 'supplier', 'The common supplier of the application', sysdate(), NULL);

commit;

-- password is md5(password + username), username is salt
-- mysql does not have sha512 support yet, generated by http://www.tools4noobs.com/online_tools/hash/
INSERT INTO User VALUES (1, 0, 'pprun', MD5('pprunpprun'), 'bc7163dab8eb79a9867b4604b46b0328e9ace555ef5d9526e1fcd748f9864bf85d59e97c044a2d9795736753c2b0d77cd085eb05d854e5849f42f37f85851220', 'Pprun', 'Pi', 'pprun@pprun.org', 'ACTIVE', '111-111-1111', '汉语', 2, true, true, sysdate(), NULL);
INSERT INTO User VALUES (2, 0, 'j2ee', MD5('j2eej2ee'), 'dafe02f09e31c3ce6ba7c9c71cf2ee24aaa1872db8c0cbd44332e7e702acd3997d48dba34230c3f1c0c8294b539b4ad56503c011d96ca888253077ee98f327ab', 'ABC', 'XYZ', 'j2ee@pprun.org', 'ACTIVE', '555-555-5555', 'english', 1, true, true, sysdate(), NULL);
INSERT INTO User VALUES (3, 0, 'test', MD5('testtest'), '0e3e75234abc68f4378a86b3f4b32a198ba301845b0cd6e50106e874345700cc6663a86c1ea125dc5e92be17c98f9a0f85ca9d5f595db2012f7cc3571945c123', 'ABC', 'ZYX', 'test@pprun.org', 'ACTIVE', '555-555-5555', 'english', 4, true, true, sysdate(), NULL);
INSERT INTO User VALUES (4, 0, 'dogsp', MD5('dogspdogsp'), '2a30f61c173bbcfe7a70d2d281b7e56f98c23323dfab7e1db1911ee890d716d0fe5a36dd4486a457d897aad8dec0a3fbc22e4b1d0d357ed2a0754c7d4dbe4981', 'CC', 'dog supplier', 'dogsp@pprun.org', 'ACTIVE', '555-555-5555', 'english', 2, true, true, sysdate(), NULL);
INSERT INTO User VALUES (5, 0, 'birdsp', MD5('birdspbirdsp'), '8046b156a4ab3081fdb15449c9e1f8c1c7bc20e32f0fb1af044b655661e81e3cec5f3d9a1da640b5311a155f203ad3b5717799e813d860470204bb0c50f75852', 'CC', 'bird supplier', 'birdsp@pprun.org', 'ACTIVE', '555-555-5555', 'english', 5, true, true, sysdate(), NULL);
commit;

INSERT INTO RoleMember(userId, roleId) VALUES (1, 1);
INSERT INTO RoleMember(userId, roleId) VALUES (1, 2);
INSERT INTO RoleMember(userId, roleId) VALUES (1, 3);
INSERT INTO RoleMember(userId, roleId) VALUES (2, 2);
INSERT INTO RoleMember(userId, roleId) VALUES (2, 3);
INSERT INTO RoleMember(userId, roleId) VALUES (3, 2);
INSERT INTO RoleMember(userId, roleId) VALUES (4, 2);
INSERT INTO RoleMember(userId, roleId) VALUES (4, 4);
INSERT INTO RoleMember(userId, roleId) VALUES (5, 2);
INSERT INTO RoleMember(userId, roleId) VALUES (5, 4);
commit;
-- the last column is userId
INSERT INTO Address VALUES (1, 0, 'Great Road', 'Changhong Gongti', 'Beijing', 'Beijing', '100000', '中国', sysdate(), NULL, 'ACTIVE', 1);
INSERT INTO Address VALUES (2, 0, 'ChaoWai Road', 'Men building', 'Beijing', 'Beijing', '100000', '中国', sysdate(), NULL, 'ACTIVE', 2);
INSERT INTO Address VALUES (3, 0, 'Wenhui Road', '3th Street', 'Shanghai', 'Shanghai', '200000', '中国', sysdate(), NULL, 'ACTIVE', 3);
INSERT INTO Address VALUES (4, 0, 'Dawang Road', '甲2号', 'Beijing', 'Beijing', '100000', '中国', sysdate(), NULL, 'ACTIVE', 4);
INSERT INTO Address VALUES (5, 0, 'Shang Di', '七街', 'Beijing', 'Beijing', '100000', '中国', sysdate(), NULL, 'ACTIVE', 5);
INSERT INTO Address VALUES (6, 0, 'Old Great Road2', 'the 3rd building', 'Beijing', 'Beijing', '100000', '中国', sysdate(), NULL, 'NOTUSED', 2);
commit;
INSERT INTO Supplier VALUES (1, 0, 'East Pet Company', 'ACTIVE', 4, '010', sysdate(), NULL);
INSERT INTO Supplier VALUES (2, 0, 'Beijing Little Pet Supplier', 'ACTIVE', 5, '120', sysdate(), NULL);
commit;


INSERT INTO Product VALUES (1,  0,'FH-SW-01','Angelfish','Salt Water fish from Australia', 'fish1.gif', sysdate(), NULL);
INSERT INTO Product VALUES (2,  0,'FH-SW-02','Tiger Shark','Salt Water fish from Australia', 'fish4.gif', sysdate(), NULL);
INSERT INTO Product VALUES (3,  0,'FH-FW-01', 'Koi','Fresh Water fish from Japan', 'fish3.jpg', sysdate(), NULL);
INSERT INTO Product VALUES (4,  0,'FH-FW-02','Goldfish','Fresh Water fish from China', 'fish2.gif', sysdate(), NULL);
INSERT INTO Product VALUES (5,  0,'DG-BD-01','Bulldog','Friendly dog from England', 'dog2.jpg', sysdate(), NULL);
INSERT INTO Product VALUES (6,  0,'DG-PO-02','Poodle','Cute dog from France', 'dog6.jpg', sysdate(), NULL);
INSERT INTO Product VALUES (7,  0,'DG-DL-01', 'Dalmation','Great dog for a Fire Station', 'dog5.jpg', sysdate(), NULL);
INSERT INTO Product VALUES (8,  0,'DG-RT-01', 'Golden Retriever','Great family dog', 'dog1.jpg', sysdate(), NULL);
INSERT INTO Product VALUES (9,  0,'DG-RT-02', 'Labrador Retriever','Great hunting dog', 'dog3.jpg', sysdate(), NULL);
INSERT INTO Product VALUES (10, 0, 'DG-CW-01','Chihuahua','Great companion dog', 'dog4.jpg', sysdate(), NULL);
INSERT INTO Product VALUES (11, 0,'RP-SN-01','Rattlesnake','Doubles as a watch', 'lizard2.gif', sysdate(), NULL);
INSERT INTO Product VALUES (12, 0,'RP-LI-02','Iguana','Friendly green friend', 'lizard1.jpg', sysdate(), NULL);
INSERT INTO Product VALUES (13, 0,'CT-DSH-01','Manx','Great for reducing mouse populations', 'cat3.jpg', sysdate(), NULL);
INSERT INTO Product VALUES (14, 0,'CT-DLH-02','Persian','Friendly house cat, doubles as a princess', 'cat1.jpg', sysdate(), NULL);
INSERT INTO Product VALUES (15, 0,'BD-CB-01','Amazon Parrot','Great companion for up to 75 years', 'bird4.gif', sysdate(), NULL);
INSERT INTO Product VALUES (16, 0,'BD-SB-02','Finch','Great stress reliever', 'bird1.jpg', sysdate(), NULL);
INSERT INTO Product VALUES (17, 0, 'DG-CN-01','Lazy love','Little White dog', 'dog7.jpg', sysdate(), NULL);
INSERT INTO Product VALUES (18, 0, 'DG-CN-02','curious love','Little White dog', 'dog8.jpg', sysdate(), NULL);
INSERT INTO Product VALUES (19, 0, 'DG-CN-03','squirrel','Twins squirrel dog', 'dog9.jpg', sysdate(), NULL);
INSERT INTO Product VALUES (20, 0, 'DG-CN-04','Doctor','Big yellow dog', 'dog10.jpg', sysdate(), NULL);
INSERT INTO Product VALUES (21, 0, 'DG-CN-05','sleep','small sleep dog', 'dog11.jpg', sysdate(), NULL);
INSERT INTO Product VALUES (22, 0, 'DG-CN-06','working horse','small hardworking black dog', 'dog12.jpg', sysdate(), NULL);
INSERT INTO Product VALUES (23, 0, 'DG-CN-07','Wow','Middle Wow dog', 'dog13.jpg', sysdate(), NULL);
INSERT INTO Product VALUES (24, 0, 'DG-CN-08','Tibetan Mastiff','Very big Tibetan Mastiff dog', 'dog14.jpg', sysdate(), NULL);
INSERT INTO Product VALUES (25, 0, 'DG-CN-10','Actively fellow','Middle black dog', 'dog15.jpg', sysdate(), NULL);
INSERT INTO Product VALUES (26, 0, 'DG-CN-11','lovely brothers','yong dog', 'dog16.jpg', sysdate(), NULL);
INSERT INTO Product VALUES (27, 0, 'DG-CN-12','lovely spot brothers','yong spot dog', 'dog17.jpg', sysdate(), NULL);
INSERT INTO Product VALUES (28, 0, 'DG-CN-13','curious girl','girl dog', 'dog18.jpg', sysdate(), NULL);
INSERT INTO Product VALUES (29, 0, 'DG-CN-14','happy brothers','happy brothers dog', 'dog19.jpg', sysdate(), NULL);
INSERT INTO Product VALUES (30, 0, 'DG-CN-15','shepherd','mature shepherd dog', 'dog20.jpg', sysdate(), NULL);
INSERT INTO Product VALUES (31, 0, 'DG-CN-16','lion white','mature lion dog', 'dog21.jpg', sysdate(), NULL);

commit;

INSERT INTO Inventory  VALUES (1, 0, 10000, sysdate(), NULL);
INSERT INTO Inventory  VALUES (2, 0, 10000, sysdate(), NULL);
INSERT INTO Inventory  VALUES (3, 0, 10000, sysdate(), NULL);
INSERT INTO Inventory  VALUES (4, 0, 10000, sysdate(), NULL);
INSERT INTO Inventory  VALUES (5, 0, 10000, sysdate(), NULL);
INSERT INTO Inventory  VALUES (6, 0, 10000, sysdate(), NULL);
INSERT INTO Inventory  VALUES (7, 0, 10000, sysdate(), NULL);
INSERT INTO Inventory  VALUES (8, 0, 10000, sysdate(), NULL);
INSERT INTO Inventory  VALUES (9, 0, 10000, sysdate(), NULL);
INSERT INTO Inventory  VALUES (10,0, 10000, sysdate(), NULL);
INSERT INTO Inventory  VALUES (11,0, 10000, sysdate(), NULL);
INSERT INTO Inventory  VALUES (12,0, 10000, sysdate(), NULL);
INSERT INTO Inventory  VALUES (13,0, 10000, sysdate(), NULL);
INSERT INTO Inventory  VALUES (14,0, 10000, sysdate(), NULL);
INSERT INTO Inventory  VALUES (15,0, 10000, sysdate(), NULL);
INSERT INTO Inventory  VALUES (16,0, 10000, sysdate(), NULL);
INSERT INTO Inventory  VALUES (17,0, 10000, sysdate(), NULL);
INSERT INTO Inventory  VALUES (18,0, 10000, sysdate(), NULL);
INSERT INTO Inventory  VALUES (19,0, 10000, sysdate(), NULL);
INSERT INTO Inventory  VALUES (20,0, 10000, sysdate(), NULL);
INSERT INTO Inventory  VALUES (21,0, 10000, sysdate(), NULL);
INSERT INTO Inventory  VALUES (22,0, 10000, sysdate(), NULL);
INSERT INTO Inventory  VALUES (23,0, 10000, sysdate(), NULL);
INSERT INTO Inventory  VALUES (24,0, 10000, sysdate(), NULL);
INSERT INTO Inventory  VALUES (25,0, 10000, sysdate(), NULL);
INSERT INTO Inventory  VALUES (26,0, 10000, sysdate(), NULL);
INSERT INTO Inventory  VALUES (27,0, 10000, sysdate(), NULL);
INSERT INTO Inventory  VALUES (28,0, 10000, sysdate(), NULL);
INSERT INTO Inventory  VALUES (29,0, 10000, sysdate(), NULL);
INSERT INTO Inventory  VALUES (30,0, 1, sysdate(), NULL);
INSERT INTO Inventory  VALUES (31,0, 1, sysdate(), NULL);
INSERT INTO Inventory  VALUES (32,0, 5, sysdate(), NULL);
INSERT INTO Inventory  VALUES (33,0, 5, sysdate(), NULL);
INSERT INTO Inventory  VALUES (34,0, 5, sysdate(), NULL);
INSERT INTO Inventory  VALUES (35,0, 5, sysdate(), NULL);
INSERT INTO Inventory  VALUES (36,0, 5, sysdate(), NULL);
INSERT INTO Inventory  VALUES (37,0, 5, sysdate(), NULL);
INSERT INTO Inventory  VALUES (38,0, 5, sysdate(), NULL);
INSERT INTO Inventory  VALUES (39,0, 5, sysdate(), NULL);
INSERT INTO Inventory  VALUES (40,0, 1, sysdate(), NULL);
INSERT INTO Inventory  VALUES (41,0, 1, sysdate(), NULL);
commit;


INSERT INTO Item (itemId, version, itemName, listPrice, unitCost, status, attr1, productId, inventoryId, supplierId, createTime) VALUES (1, 0,'EST-FH-1',16.50,10.00,'ONSTOCK','Large', 1, 1, 1, sysdate());
INSERT INTO Item (itemId, version, itemName, listPrice, unitCost, status, attr1, productId, inventoryId, supplierId, createTime) VALUES (2, 0,'EST-FH-2',16.50,10.00,'ONSTOCK','Small', 2, 2, 1, sysdate());
INSERT INTO Item (itemId, version, itemName, listPrice, unitCost, status, attr1, productId, inventoryId, supplierId, createTime) VALUES (3, 0,'EST-FH-3',18.50,12.00,'ONSTOCK','Toothless', 3, 3, 1, sysdate());
INSERT INTO Item (itemId, version, itemName, listPrice, unitCost, status, attr1, productId, inventoryId, supplierId, createTime) VALUES (4, 0,'EST-FH-4',18.50,12.00,'ONSTOCK','Spotted', 4, 4, 1, sysdate());
INSERT INTO Item (itemId, version, itemName, listPrice, unitCost, status, attr1, productId, inventoryId, supplierId, createTime) VALUES (5, 0,'EST-DG-5',18.50,12.00,'ONSTOCK','Spotless', 5, 5, 1, sysdate());
INSERT INTO Item (itemId, version, itemName, listPrice, unitCost, status, attr1, productId, inventoryId, supplierId, createTime) VALUES (6, 0,'EST-DG-6',18.50,12.00,'ONSTOCK','Male Adult', 6, 6, 1, sysdate());
INSERT INTO Item (itemId, version, itemName, listPrice, unitCost, status, attr1, productId, inventoryId, supplierId, createTime) VALUES (7, 0,'EST-DG-7',18.50,12.00,'ONSTOCK','Female Puppy', 7, 7, 1, sysdate());
INSERT INTO Item (itemId, version, itemName, listPrice, unitCost, status, attr1, productId, inventoryId, supplierId, createTime) VALUES (8, 0,'EST-DG-8',18.50,12.00,'ONSTOCK','Male Puppy', 8, 8, 1, sysdate());
INSERT INTO Item (itemId, version, itemName, listPrice, unitCost, status, attr1, productId, inventoryId, supplierId, createTime) VALUES (9, 0,'EST-DG-9',18.50,12.00,'ONSTOCK','Spotless Male Puppy', 9, 9, 1, sysdate());
INSERT INTO Item (itemId, version, itemName, listPrice, unitCost, status, attr1, productId, inventoryId, supplierId, createTime) VALUES (10,0,'EST-DG-10',18.50,12.00,'ONSTOCK','Spotted Adult Female', 10, 10, 1, sysdate());
INSERT INTO Item (itemId, version, itemName, listPrice, unitCost, status, attr1, productId, inventoryId, supplierId, createTime) VALUES (11,0,'BJ-RP-11',18.50,12.00,'ONSTOCK','Venomless', 11, 11, 2, sysdate());
INSERT INTO Item (itemId, version, itemName, listPrice, unitCost, status, attr1, productId, inventoryId, supplierId, createTime) VALUES (12,0,'BJ-RP-12',18.50,12.00,'ONSTOCK','Rattleless', 12, 12, 2, sysdate());
INSERT INTO Item (itemId, version, itemName, listPrice, unitCost, status, attr1, productId, inventoryId, supplierId, createTime) VALUES (13,0,'BJ-BD-13',18.50,12.00,'ONSTOCK','Green Adult', 13, 13, 2, sysdate());
INSERT INTO Item (itemId, version, itemName, listPrice, unitCost, status, attr1, productId, inventoryId, supplierId, createTime) VALUES (14,0,'BJ-BD-14',58.50,12.00,'ONSTOCK','Tailless', 14, 14, 2, sysdate());
INSERT INTO Item (itemId, version, itemName, listPrice, unitCost, status, attr1, productId, inventoryId, supplierId, createTime) VALUES (15,0,'BJ-DG-15',23.50,12.00,'ONSTOCK','With tail', 15, 15, 2, sysdate());
INSERT INTO Item (itemId, version, itemName, listPrice, unitCost, status, attr1, productId, inventoryId, supplierId, createTime) VALUES (16,0,'BJ-DG-16',93.50,12.00,'ONSTOCK','Adult Female', 16, 16, 2, sysdate());
INSERT INTO Item (itemId, version, itemName, listPrice, unitCost, status, attr1, productId, inventoryId, supplierId, createTime) VALUES (17,0,'BJ-DG-17',93.50,12.00,'ONSTOCK','Adult Male', 17, 17, 2, sysdate());
INSERT INTO Item (itemId, version, itemName, listPrice, unitCost, status, attr1, productId, inventoryId, supplierId, createTime) VALUES (18,0,'BJ-DG-18',193.50,92.00,'ONSTOCK','Adult Male', 18, 18, 2, sysdate());
INSERT INTO Item (itemId, version, itemName, listPrice, unitCost, status, attr1, productId, inventoryId, supplierId, createTime) VALUES (19,0,'BJ-DG-19',15.50, 2.00,'ONSTOCK','Adult Male', 19, 19, 2, sysdate());
INSERT INTO Item (itemId, version, itemName, listPrice, unitCost, status, attr1, productId, inventoryId, supplierId, createTime) VALUES (20,0,'BJ-DG-20',5.50, 2.00,'ONSTOCK','Adult Male', 20, 20, 2, sysdate());
INSERT INTO Item (itemId, version, itemName, listPrice, unitCost, status, attr1, productId, inventoryId, supplierId, createTime) VALUES (21,0,'BJ-DG-21',5.29, 1.00,'ONSTOCK','Adult Female', 21, 21, 2, sysdate());
INSERT INTO Item (itemId, version, itemName, listPrice, unitCost, status, attr1, productId, inventoryId, supplierId, createTime) VALUES (22,0,'BJ-DG-22',135.50, 100.00,'ONSTOCK','Adult Male', 22, 22, 2, sysdate());
INSERT INTO Item (itemId, version, itemName, listPrice, unitCost, status, attr1, productId, inventoryId, supplierId, createTime) VALUES (23,0,'BJ-DG-23',145.49, 100.00,'ONSTOCK','Adult Female', 23, 23, 2, sysdate());
INSERT INTO Item (itemId, version, itemName, listPrice, unitCost, status, attr1, productId, inventoryId, supplierId, createTime) VALUES (24,0,'BJ-DG-24',255.50, 92.00,'ONSTOCK','Adult Male', 24, 24, 2, sysdate());
INSERT INTO Item (itemId, version, itemName, listPrice, unitCost, status, attr1, productId, inventoryId, supplierId, createTime) VALUES (25,0,'BJ-DG-25',325.29, 90.00,'ONSTOCK','Adult Female', 25, 25, 2, sysdate());
INSERT INTO Item (itemId, version, itemName, listPrice, unitCost, status, attr1, productId, inventoryId, supplierId, createTime) VALUES (26,0,'BJ-DG-26',125.50, 92.00,'ONSTOCK','Adult Male', 26, 26, 2, sysdate());
INSERT INTO Item (itemId, version, itemName, listPrice, unitCost, status, attr1, productId, inventoryId, supplierId, createTime) VALUES (27,0,'BJ-DG-27',155.29, 90.00,'ONSTOCK','Adult Female', 27, 27, 2, sysdate());
INSERT INTO Item (itemId, version, itemName, listPrice, unitCost, status, attr1, productId, inventoryId, supplierId, createTime) VALUES (28,0,'BJ-DG-28',155.29, 90.00,'ONSTOCK','Adult Female', 28, 28, 2, sysdate());
INSERT INTO Item (itemId, version, itemName, listPrice, unitCost, status, attr1, productId, inventoryId, supplierId, createTime) VALUES (29,0,'BJ-DG-29',55.99, 90.00,'ONSTOCK','Adult Female', 29, 29, 2, sysdate());
INSERT INTO Item (itemId, version, itemName, listPrice, unitCost, status, attr1, productId, inventoryId, supplierId, createTime) VALUES (30,0,'BJ-DG-30',88.29, 90.00,'ONSTOCK','Adult Male', 30, 30, 2, sysdate());
INSERT INTO Item (itemId, version, itemName, listPrice, unitCost, status, attr1, productId, inventoryId, supplierId, createTime) VALUES (31,0,'BJ-DG-31',66.29, 90.00,'ONSTOCK','Adult Female', 31, 31, 2, sysdate());
INSERT INTO Item (itemId, version, itemName, listPrice, unitCost, status, attr1, productId, inventoryId, supplierId, createTime) VALUES (32,0,'BJ-DG-32',35.50, 30.00,'ONSTOCK','baby Male', 22, 32, 2, sysdate());
INSERT INTO Item (itemId, version, itemName, listPrice, unitCost, status, attr1, productId, inventoryId, supplierId, createTime) VALUES (33,0,'BJ-DG-33',45.49, 40.00,'ONSTOCK','baby Female', 23, 33, 2, sysdate());
INSERT INTO Item (itemId, version, itemName, listPrice, unitCost, status, attr1, productId, inventoryId, supplierId, createTime) VALUES (34,0,'BJ-DG-34',55.50, 52.00,'ONSTOCK','baby Male', 24, 34, 2, sysdate());
INSERT INTO Item (itemId, version, itemName, listPrice, unitCost, status, attr1, productId, inventoryId, supplierId, createTime) VALUES (35,0,'BJ-DG-35',95.29, 90.00,'ONSTOCK','baby Female', 25, 35, 2, sysdate());
INSERT INTO Item (itemId, version, itemName, listPrice, unitCost, status, attr1, productId, inventoryId, supplierId, createTime) VALUES (36,0,'BJ-DG-36',25.50, 20.00,'ONSTOCK','baby Male', 26, 36, 2, sysdate());
INSERT INTO Item (itemId, version, itemName, listPrice, unitCost, status, attr1, productId, inventoryId, supplierId, createTime) VALUES (37,0,'BJ-DG-37',55.29, 50.00,'ONSTOCK','baby Female', 27, 37, 2, sysdate());
INSERT INTO Item (itemId, version, itemName, listPrice, unitCost, status, attr1, productId, inventoryId, supplierId, createTime) VALUES (38,0,'BJ-DG-38',55.29, 50.00,'ONSTOCK','baby Female', 28, 38, 2, sysdate());
INSERT INTO Item (itemId, version, itemName, listPrice, unitCost, status, attr1, productId, inventoryId, supplierId, createTime) VALUES (39,0,'BJ-DG-39',15.99, 10.00,'ONSTOCK','baby Female', 29, 39, 2, sysdate());
INSERT INTO Item (itemId, version, itemName, listPrice, unitCost, status, attr1, productId, inventoryId, supplierId, createTime) VALUES (40,0,'BJ-DG-40',18.29, 10.00,'ONSTOCK','baby Male', 30, 40, 2, sysdate());
INSERT INTO Item (itemId, version, itemName, listPrice, unitCost, status, attr1, productId, inventoryId, supplierId, createTime) VALUES (41,0,'BJ-DG-41',16.29, 10.00,'ONSTOCK','baby Female', 31, 41, 2, sysdate());

commit;

